[{"model": "admin.logentry", "pk": 358, "fields": {"action_time": "2023-08-14T05:08:32.558Z", "user": 15, "content_type": 6, "object_id": "15", "object_repr": "athul", "action_flag": 2, "change_message": "[{\"changed\": {\"fields\": [\"Email address\", \"Phone\", \"Is email verified\", \"Profile image\"]}}]"}}, {"model": "admin.logentry", "pk": 359, "fields": {"action_time": "2023-08-14T07:54:17.511Z", "user": 15, "content_type": 15, "object_id": "78d4a41e-7a03-4fdc-be10-8e4d6b0ef3a7", "object_repr": "Address object (78d4a41e-7a03-4fdc-be10-8e4d6b0ef3a7)", "action_flag": 3, "change_message": ""}}, {"model": "admin.logentry", "pk": 360, "fields": {"action_time": "2023-08-14T07:54:17.521Z", "user": 15, "content_type": 15, "object_id": "0d4928fb-e4b6-4430-aee0-46e63b38385c", "object_repr": "Address object (0d4928fb-e4b6-4430-aee0-46e63b38385c)", "action_flag": 3, "change_message": ""}}, {"model": "admin.logentry", "pk": 361, "fields": {"action_time": "2023-08-14T07:54:17.525Z", "user": 15, "content_type": 15, "object_id": "0cbc9a7f-b095-4e6b-b5bd-6948be6130ba", "object_repr": "Address object (0cbc9a7f-b095-4e6b-b5bd-6948be6130ba)", "action_flag": 3, "change_message": ""}}, {"model": "admin.logentry", "pk": 362, "fields": {"action_time": "2023-08-14T08:10:38.567Z", "user": 15, "content_type": 15, "object_id": "5949433b-0216-44e6-a444-c9c53bff3dd6", "object_repr": "Address object (5949433b-0216-44e6-a444-c9c53bff3dd6)", "action_flag": 3, "change_message": ""}}, {"model": "admin.logentry", "pk": 363, "fields": {"action_time": "2023-08-14T08:10:55.704Z", "user": 15, "content_type": 15, "object_id": "78d4a41e-7a03-4fdc-be10-8e4d6b0ef3a7", "object_repr": "Address object (78d4a41e-7a03-4fdc-be10-8e4d6b0ef3a7)", "action_flag": 3, "change_message": ""}}, {"model": "admin.logentry", "pk": 364, "fields": {"action_time": "2023-08-14T08:10:55.716Z", "user": 15, "content_type": 15, "object_id": "0d4928fb-e4b6-4430-aee0-46e63b38385c", "object_repr": "Address object (0d4928fb-e4b6-4430-aee0-46e63b38385c)", "action_flag": 3, "change_message": ""}}, {"model": "admin.logentry", "pk": 365, "fields": {"action_time": "2023-08-14T08:10:55.722Z", "user": 15, "content_type": 15, "object_id": "0cbc9a7f-b095-4e6b-b5bd-6948be6130ba", "object_repr": "Address object (0cbc9a7f-b095-4e6b-b5bd-6948be6130ba)", "action_flag": 3, "change_message": ""}}, {"model": "admin.logentry", "pk": 366, "fields": {"action_time": "2023-08-14T08:11:10.874Z", "user": 15, "content_type": 15, "object_id": "0d4928fb-e4b6-4430-aee0-46e63b38385c", "object_repr": "Address object (0d4928fb-e4b6-4430-aee0-46e63b38385c)", "action_flag": 3, "change_message": ""}}, {"model": "admin.logentry", "pk": 367, "fields": {"action_time": "2023-08-14T08:11:10.884Z", "user": 15, "content_type": 15, "object_id": "0cbc9a7f-b095-4e6b-b5bd-6948be6130ba", "object_repr": "Address object (0cbc9a7f-b095-4e6b-b5bd-6948be6130ba)", "action_flag": 3, "change_message": ""}}, {"model": "admin.logentry", "pk": 368, "fields": {"action_time": "2023-08-14T08:11:19.557Z", "user": 15, "content_type": 15, "object_id": "0cbc9a7f-b095-4e6b-b5bd-6948be6130ba", "object_repr": "Address object (0cbc9a7f-b095-4e6b-b5bd-6948be6130ba)", "action_flag": 3, "change_message": ""}}, {"model": "admin.logentry", "pk": 369, "fields": {"action_time": "2023-08-14T08:11:29.871Z", "user": 15, "content_type": 15, "object_id": "e10abf5e-d315-4c70-a814-dd200a696673", "object_repr": "Address object (e10abf5e-d315-4c70-a814-dd200a696673)", "action_flag": 3, "change_message": ""}}, {"model": "admin.logentry", "pk": 370, "fields": {"action_time": "2023-08-14T08:15:31.129Z", "user": 15, "content_type": 15, "object_id": "78d4a41e-7a03-4fdc-be10-8e4d6b0ef3a7", "object_repr": "Address object (78d4a41e-7a03-4fdc-be10-8e4d6b0ef3a7)", "action_flag": 3, "change_message": ""}}, {"model": "admin.logentry", "pk": 371, "fields": {"action_time": "2023-08-14T08:15:31.134Z", "user": 15, "content_type": 15, "object_id": "0d4928fb-e4b6-4430-aee0-46e63b38385c", "object_repr": "Address object (0d4928fb-e4b6-4430-aee0-46e63b38385c)", "action_flag": 3, "change_message": ""}}, {"model": "admin.logentry", "pk": 372, "fields": {"action_time": "2023-08-14T08:15:31.138Z", "user": 15, "content_type": 15, "object_id": "0cbc9a7f-b095-4e6b-b5bd-6948be6130ba", "object_repr": "Address object (0cbc9a7f-b095-4e6b-b5bd-6948be6130ba)", "action_flag": 3, "change_message": ""}}, {"model": "admin.logentry", "pk": 373, "fields": {"action_time": "2023-08-15T19:10:44.851Z", "user": 15, "content_type": 11, "object_id": "e10a0bbb-4cc5-4e3e-a53c-9b358d6088db", "object_repr": "564", "action_flag": 3, "change_message": ""}}, {"model": "admin.logentry", "pk": 374, "fields": {"action_time": "2023-08-15T19:10:44.865Z", "user": 15, "content_type": 11, "object_id": "c89b9816-b2e2-444e-90b5-49f46cdcfe90", "object_repr": "100", "action_flag": 3, "change_message": ""}}, {"model": "admin.logentry", "pk": 375, "fields": {"action_time": "2023-08-15T19:10:44.872Z", "user": 15, "content_type": 11, "object_id": "bf60821e-5159-46a8-889a-203816429ba8", "object_repr": "100", "action_flag": 3, "change_message": ""}}, {"model": "admin.logentry", "pk": 376, "fields": {"action_time": "2023-08-15T19:10:44.878Z", "user": 15, "content_type": 11, "object_id": "a9047348-1715-4f25-9c04-7ddb0154c889", "object_repr": "100", "action_flag": 3, "change_message": ""}}, {"model": "admin.logentry", "pk": 377, "fields": {"action_time": "2023-08-15T19:10:44.885Z", "user": 15, "content_type": 11, "object_id": "74de688a-6de2-4109-8148-48069fe8a1fe", "object_repr": "100", "action_flag": 3, "change_message": ""}}, {"model": "admin.logentry", "pk": 378, "fields": {"action_time": "2023-08-15T19:10:44.891Z", "user": 15, "content_type": 11, "object_id": "6926aef4-b1af-4a29-a7f2-4fe36527780a", "object_repr": "564", "action_flag": 3, "change_message": ""}}, {"model": "admin.logentry", "pk": 379, "fields": {"action_time": "2023-08-15T19:10:44.899Z", "user": 15, "content_type": 11, "object_id": "67e8ffca-b5c5-41f9-8a0f-0d6278aebcda", "object_repr": "100", "action_flag": 3, "change_message": ""}}, {"model": "admin.logentry", "pk": 380, "fields": {"action_time": "2023-08-15T19:10:44.905Z", "user": 15, "content_type": 11, "object_id": "1cb188ac-0765-4e3a-a9a9-b13193c1d2b8", "object_repr": "564", "action_flag": 3, "change_message": ""}}, {"model": "admin.logentry", "pk": 381, "fields": {"action_time": "2023-08-16T04:11:24.451Z", "user": 15, "content_type": 9, "object_id": "e4c3826f-a3c9-4177-8239-5ee207a74a37", "object_repr": "zsdfgdg", "action_flag": 3, "change_message": ""}}, {"model": "admin.logentry", "pk": 382, "fields": {"action_time": "2023-08-16T04:13:32.088Z", "user": 15, "content_type": 9, "object_id": "22ce674d-d980-498f-ba07-1c9342e81a9f", "object_repr": "OPPO Reno10 5G", "action_flag": 2, "change_message": "[{\"changed\": {\"fields\": [\"Offer\"]}}]"}}, {"model": "admin.logentry", "pk": 383, "fields": {"action_time": "2023-08-16T09:22:47.567Z", "user": 15, "content_type": 6, "object_id": "13", "object_repr": "mridul", "action_flag": 2, "change_message": "[{\"changed\": {\"fields\": [\"Email address\"]}}]"}}, {"model": "admin.logentry", "pk": 384, "fields": {"action_time": "2023-08-16T09:31:46.501Z", "user": 15, "content_type": 6, "object_id": "13", "object_repr": "mridul", "action_flag": 3, "change_message": ""}}, {"model": "admin.logentry", "pk": 385, "fields": {"action_time": "2023-08-16T09:31:46.535Z", "user": 15, "content_type": 6, "object_id": "1", "object_repr": "ckmridul", "action_flag": 3, "change_message": ""}}, {"model": "admin.logentry", "pk": 386, "fields": {"action_time": "2023-08-17T03:55:05.702Z", "user": 15, "content_type": 12, "object_id": "f1d7aa65-b483-4546-81df-25a50f099d77", "object_repr": "Cart object (f1d7aa65-b483-4546-81df-25a50f099d77)", "action_flag": 3, "change_message": ""}}, {"model": "admin.logentry", "pk": 387, "fields": {"action_time": "2023-08-17T03:55:05.706Z", "user": 15, "content_type": 12, "object_id": "6d1f6ab0-fb0f-4d9e-b9d1-1673e4456f53", "object_repr": "Cart object (6d1f6ab0-fb0f-4d9e-b9d1-1673e4456f53)", "action_flag": 3, "change_message": ""}}, {"model": "admin.logentry", "pk": 388, "fields": {"action_time": "2023-08-17T03:55:05.710Z", "user": 15, "content_type": 12, "object_id": "1f8fd558-31b9-45f8-9be6-0fc7a8fd0315", "object_repr": "Cart object (1f8fd558-31b9-45f8-9be6-0fc7a8fd0315)", "action_flag": 3, "change_message": ""}}, {"model": "admin.logentry", "pk": 389, "fields": {"action_time": "2023-08-18T04:58:27.191Z", "user": 15, "content_type": 9, "object_id": "a1749d21-5347-4e22-bc39-dd343cda91cc", "object_repr": "HP Intel Core i3 11th Gen", "action_flag": 2, "change_message": "[{\"changed\": {\"fields\": [\"Category\"]}}]"}}, {"model": "admin.logentry", "pk": 390, "fields": {"action_time": "2023-08-18T04:59:05.265Z", "user": 15, "content_type": 9, "object_id": "a1749d21-5347-4e22-bc39-dd343cda91cc", "object_repr": "HP Intel Core i3 11th Gen", "action_flag": 2, "change_message": "[{\"changed\": {\"fields\": [\"Category\"]}}]"}}, {"model": "admin.logentry", "pk": 391, "fields": {"action_time": "2023-08-18T05:03:10.740Z", "user": 15, "content_type": 9, "object_id": "b00e9417-a199-4b1c-afaa-228fb662b75e", "object_repr": "REDMI Pad", "action_flag": 2, "change_message": "[{\"changed\": {\"fields\": [\"Offer\"]}}]"}}, {"model": "admin.logentry", "pk": 392, "fields": {"action_time": "2023-08-20T10:39:36.420Z", "user": 19, "content_type": 6, "object_id": "15", "object_repr": "athul", "action_flag": 2, "change_message": "[{\"changed\": {\"fields\": [\"Active\"]}}]"}}, {"model": "auth.permission", "pk": 1, "fields": {"name": "Can add log entry", "content_type": 1, "codename": "add_logentry"}}, {"model": "auth.permission", "pk": 2, "fields": {"name": "Can change log entry", "content_type": 1, "codename": "change_logentry"}}, {"model": "auth.permission", "pk": 3, "fields": {"name": "Can delete log entry", "content_type": 1, "codename": "delete_logentry"}}, {"model": "auth.permission", "pk": 4, "fields": {"name": "Can view log entry", "content_type": 1, "codename": "view_logentry"}}, {"model": "auth.permission", "pk": 5, "fields": {"name": "Can add permission", "content_type": 2, "codename": "add_permission"}}, {"model": "auth.permission", "pk": 6, "fields": {"name": "Can change permission", "content_type": 2, "codename": "change_permission"}}, {"model": "auth.permission", "pk": 7, "fields": {"name": "Can delete permission", "content_type": 2, "codename": "delete_permission"}}, {"model": "auth.permission", "pk": 8, "fields": {"name": "Can view permission", "content_type": 2, "codename": "view_permission"}}, {"model": "auth.permission", "pk": 9, "fields": {"name": "Can add group", "content_type": 3, "codename": "add_group"}}, {"model": "auth.permission", "pk": 10, "fields": {"name": "Can change group", "content_type": 3, "codename": "change_group"}}, {"model": "auth.permission", "pk": 11, "fields": {"name": "Can delete group", "content_type": 3, "codename": "delete_group"}}, {"model": "auth.permission", "pk": 12, "fields": {"name": "Can view group", "content_type": 3, "codename": "view_group"}}, {"model": "auth.permission", "pk": 13, "fields": {"name": "Can add content type", "content_type": 4, "codename": "add_contenttype"}}, {"model": "auth.permission", "pk": 14, "fields": {"name": "Can change content type", "content_type": 4, "codename": "change_contenttype"}}, {"model": "auth.permission", "pk": 15, "fields": {"name": "Can delete content type", "content_type": 4, "codename": "delete_contenttype"}}, {"model": "auth.permission", "pk": 16, "fields": {"name": "Can view content type", "content_type": 4, "codename": "view_contenttype"}}, {"model": "auth.permission", "pk": 17, "fields": {"name": "Can add session", "content_type": 5, "codename": "add_session"}}, {"model": "auth.permission", "pk": 18, "fields": {"name": "Can change session", "content_type": 5, "codename": "change_session"}}, {"model": "auth.permission", "pk": 19, "fields": {"name": "Can delete session", "content_type": 5, "codename": "delete_session"}}, {"model": "auth.permission", "pk": 20, "fields": {"name": "Can view session", "content_type": 5, "codename": "view_session"}}, {"model": "auth.permission", "pk": 21, "fields": {"name": "Can add user", "content_type": 6, "codename": "add_profile"}}, {"model": "auth.permission", "pk": 22, "fields": {"name": "Can change user", "content_type": 6, "codename": "change_profile"}}, {"model": "auth.permission", "pk": 23, "fields": {"name": "Can delete user", "content_type": 6, "codename": "delete_profile"}}, {"model": "auth.permission", "pk": 24, "fields": {"name": "Can view user", "content_type": 6, "codename": "view_profile"}}, {"model": "auth.permission", "pk": 25, "fields": {"name": "Can add brand", "content_type": 7, "codename": "add_brand"}}, {"model": "auth.permission", "pk": 26, "fields": {"name": "Can change brand", "content_type": 7, "codename": "change_brand"}}, {"model": "auth.permission", "pk": 27, "fields": {"name": "Can delete brand", "content_type": 7, "codename": "delete_brand"}}, {"model": "auth.permission", "pk": 28, "fields": {"name": "Can view brand", "content_type": 7, "codename": "view_brand"}}, {"model": "auth.permission", "pk": 29, "fields": {"name": "Can add category", "content_type": 8, "codename": "add_category"}}, {"model": "auth.permission", "pk": 30, "fields": {"name": "Can change category", "content_type": 8, "codename": "change_category"}}, {"model": "auth.permission", "pk": 31, "fields": {"name": "Can delete category", "content_type": 8, "codename": "delete_category"}}, {"model": "auth.permission", "pk": 32, "fields": {"name": "Can view category", "content_type": 8, "codename": "view_category"}}, {"model": "auth.permission", "pk": 33, "fields": {"name": "Can add product", "content_type": 9, "codename": "add_product"}}, {"model": "auth.permission", "pk": 34, "fields": {"name": "Can change product", "content_type": 9, "codename": "change_product"}}, {"model": "auth.permission", "pk": 35, "fields": {"name": "Can delete product", "content_type": 9, "codename": "delete_product"}}, {"model": "auth.permission", "pk": 36, "fields": {"name": "Can view product", "content_type": 9, "codename": "view_product"}}, {"model": "auth.permission", "pk": 37, "fields": {"name": "Can add productimage", "content_type": 10, "codename": "add_productimage"}}, {"model": "auth.permission", "pk": 38, "fields": {"name": "Can change productimage", "content_type": 10, "codename": "change_productimage"}}, {"model": "auth.permission", "pk": 39, "fields": {"name": "Can delete productimage", "content_type": 10, "codename": "delete_productimage"}}, {"model": "auth.permission", "pk": 40, "fields": {"name": "Can view productimage", "content_type": 10, "codename": "view_productimage"}}, {"model": "auth.permission", "pk": 41, "fields": {"name": "Can add product variant", "content_type": 11, "codename": "add_productvariant"}}, {"model": "auth.permission", "pk": 42, "fields": {"name": "Can change product variant", "content_type": 11, "codename": "change_productvariant"}}, {"model": "auth.permission", "pk": 43, "fields": {"name": "Can delete product variant", "content_type": 11, "codename": "delete_productvariant"}}, {"model": "auth.permission", "pk": 44, "fields": {"name": "Can view product variant", "content_type": 11, "codename": "view_productvariant"}}, {"model": "auth.permission", "pk": 45, "fields": {"name": "Can add cart", "content_type": 12, "codename": "add_cart"}}, {"model": "auth.permission", "pk": 46, "fields": {"name": "Can change cart", "content_type": 12, "codename": "change_cart"}}, {"model": "auth.permission", "pk": 47, "fields": {"name": "Can delete cart", "content_type": 12, "codename": "delete_cart"}}, {"model": "auth.permission", "pk": 48, "fields": {"name": "Can view cart", "content_type": 12, "codename": "view_cart"}}, {"model": "auth.permission", "pk": 49, "fields": {"name": "Can add cart item", "content_type": 13, "codename": "add_cartitem"}}, {"model": "auth.permission", "pk": 50, "fields": {"name": "Can change cart item", "content_type": 13, "codename": "change_cartitem"}}, {"model": "auth.permission", "pk": 51, "fields": {"name": "Can delete cart item", "content_type": 13, "codename": "delete_cartitem"}}, {"model": "auth.permission", "pk": 52, "fields": {"name": "Can view cart item", "content_type": 13, "codename": "view_cartitem"}}, {"model": "auth.permission", "pk": 53, "fields": {"name": "Can add coupon", "content_type": 14, "codename": "add_coupon"}}, {"model": "auth.permission", "pk": 54, "fields": {"name": "Can change coupon", "content_type": 14, "codename": "change_coupon"}}, {"model": "auth.permission", "pk": 55, "fields": {"name": "Can delete coupon", "content_type": 14, "codename": "delete_coupon"}}, {"model": "auth.permission", "pk": 56, "fields": {"name": "Can view coupon", "content_type": 14, "codename": "view_coupon"}}, {"model": "auth.permission", "pk": 57, "fields": {"name": "Can add address", "content_type": 15, "codename": "add_address"}}, {"model": "auth.permission", "pk": 58, "fields": {"name": "Can change address", "content_type": 15, "codename": "change_address"}}, {"model": "auth.permission", "pk": 59, "fields": {"name": "Can delete address", "content_type": 15, "codename": "delete_address"}}, {"model": "auth.permission", "pk": 60, "fields": {"name": "Can view address", "content_type": 15, "codename": "view_address"}}, {"model": "auth.permission", "pk": 61, "fields": {"name": "Can add order", "content_type": 16, "codename": "add_order"}}, {"model": "auth.permission", "pk": 62, "fields": {"name": "Can change order", "content_type": 16, "codename": "change_order"}}, {"model": "auth.permission", "pk": 63, "fields": {"name": "Can delete order", "content_type": 16, "codename": "delete_order"}}, {"model": "auth.permission", "pk": 64, "fields": {"name": "Can view order", "content_type": 16, "codename": "view_order"}}, {"model": "auth.permission", "pk": 65, "fields": {"name": "Can add order product", "content_type": 17, "codename": "add_orderproduct"}}, {"model": "auth.permission", "pk": 66, "fields": {"name": "Can change order product", "content_type": 17, "codename": "change_orderproduct"}}, {"model": "auth.permission", "pk": 67, "fields": {"name": "Can delete order product", "content_type": 17, "codename": "delete_orderproduct"}}, {"model": "auth.permission", "pk": 68, "fields": {"name": "Can view order product", "content_type": 17, "codename": "view_orderproduct"}}, {"model": "auth.permission", "pk": 69, "fields": {"name": "Can add payment", "content_type": 18, "codename": "add_payment"}}, {"model": "auth.permission", "pk": 70, "fields": {"name": "Can change payment", "content_type": 18, "codename": "change_payment"}}, {"model": "auth.permission", "pk": 71, "fields": {"name": "Can delete payment", "content_type": 18, "codename": "delete_payment"}}, {"model": "auth.permission", "pk": 72, "fields": {"name": "Can view payment", "content_type": 18, "codename": "view_payment"}}, {"model": "auth.permission", "pk": 73, "fields": {"name": "Can add wishlistitem", "content_type": 19, "codename": "add_wishlistitem"}}, {"model": "auth.permission", "pk": 74, "fields": {"name": "Can change wishlistitem", "content_type": 19, "codename": "change_wishlistitem"}}, {"model": "auth.permission", "pk": 75, "fields": {"name": "Can delete wishlistitem", "content_type": 19, "codename": "delete_wishlistitem"}}, {"model": "auth.permission", "pk": 76, "fields": {"name": "Can view wishlistitem", "content_type": 19, "codename": "view_wishlistitem"}}, {"model": "auth.permission", "pk": 77, "fields": {"name": "Can add wishlist", "content_type": 20, "codename": "add_wishlist"}}, {"model": "auth.permission", "pk": 78, "fields": {"name": "Can change wishlist", "content_type": 20, "codename": "change_wishlist"}}, {"model": "auth.permission", "pk": 79, "fields": {"name": "Can delete wishlist", "content_type": 20, "codename": "delete_wishlist"}}, {"model": "auth.permission", "pk": 80, "fields": {"name": "Can view wishlist", "content_type": 20, "codename": "view_wishlist"}}, {"model": "auth.permission", "pk": 81, "fields": {"name": "Can add offer", "content_type": 21, "codename": "add_offer"}}, {"model": "auth.permission", "pk": 82, "fields": {"name": "Can change offer", "content_type": 21, "codename": "change_offer"}}, {"model": "auth.permission", "pk": 83, "fields": {"name": "Can delete offer", "content_type": 21, "codename": "delete_offer"}}, {"model": "auth.permission", "pk": 84, "fields": {"name": "Can view offer", "content_type": 21, "codename": "view_offer"}}, {"model": "contenttypes.contenttype", "pk": 1, "fields": {"app_label": "admin", "model": "logentry"}}, {"model": "contenttypes.contenttype", "pk": 2, "fields": {"app_label": "auth", "model": "permission"}}, {"model": "contenttypes.contenttype", "pk": 3, "fields": {"app_label": "auth", "model": "group"}}, {"model": "contenttypes.contenttype", "pk": 4, "fields": {"app_label": "contenttypes", "model": "contenttype"}}, {"model": "contenttypes.contenttype", "pk": 5, "fields": {"app_label": "sessions", "model": "session"}}, {"model": "contenttypes.contenttype", "pk": 6, "fields": {"app_label": "account", "model": "profile"}}, {"model": "contenttypes.contenttype", "pk": 7, "fields": {"app_label": "product", "model": "brand"}}, {"model": "contenttypes.contenttype", "pk": 8, "fields": {"app_label": "product", "model": "category"}}, {"model": "contenttypes.contenttype", "pk": 9, "fields": {"app_label": "product", "model": "product"}}, {"model": "contenttypes.contenttype", "pk": 10, "fields": {"app_label": "product", "model": "productimage"}}, {"model": "contenttypes.contenttype", "pk": 11, "fields": {"app_label": "product", "model": "productvariant"}}, {"model": "contenttypes.contenttype", "pk": 12, "fields": {"app_label": "account", "model": "cart"}}, {"model": "contenttypes.contenttype", "pk": 13, "fields": {"app_label": "account", "model": "cartitem"}}, {"model": "contenttypes.contenttype", "pk": 14, "fields": {"app_label": "product", "model": "coupon"}}, {"model": "contenttypes.contenttype", "pk": 15, "fields": {"app_label": "user", "model": "address"}}, {"model": "contenttypes.contenttype", "pk": 16, "fields": {"app_label": "order", "model": "order"}}, {"model": "contenttypes.contenttype", "pk": 17, "fields": {"app_label": "order", "model": "orderproduct"}}, {"model": "contenttypes.contenttype", "pk": 18, "fields": {"app_label": "order", "model": "payment"}}, {"model": "contenttypes.contenttype", "pk": 19, "fields": {"app_label": "user", "model": "wishlistitem"}}, {"model": "contenttypes.contenttype", "pk": 20, "fields": {"app_label": "user", "model": "wishlist"}}, {"model": "contenttypes.contenttype", "pk": 21, "fields": {"app_label": "product", "model": "offer"}}, {"model": "sessions.session", "pk": "4i9dl7llsohopbxkj068znnk0ioule24", "fields": {"session_data": ".eJxVjDsOwjAQBe_iGlny-gOmpOcM1np3jQPIluKkQtwdIqWA9s3Me6mE61LTOmROE6uzMurwu2Wkh7QN8B3brWvqbZmnrDdF73Toa2d5Xnb376DiqN8aonM-huC8hShWQEIBawnQx4ieqQB5OWZ2BQFdMTlby0x0yobJsXp_ANBzOJA:1qNSdL:r6oLXwEBOMkMJVRzexNADtCR_Qkb47zsm7gDKfHz34M", "expire_date": "2023-08-06T06:31:59.880Z"}}, {"model": "sessions.session", "pk": "74da0qvokaznkk160k9ngk4ece4xoz35", "fields": {"session_data": ".eJxVjDsOwjAQBe_iGlnxN1lKes4QrXc3OIBsKU4qxN0hUgpo38y8lxpxW_O4NVnGmdVZmaBOv2NCekjZCd-x3KqmWtZlTnpX9EGbvlaW5-Vw_w4ytvytO-itkxi5G1Ikb7sUaBDjSAjsZACdN0a8SxMisAABYPCOMGDsmUm9PwKwOJU:1qWCNk:OC0JV3YbAi8Hqy9xhIzlCrdP45P4m4fz877AKMK_NAM", "expire_date": "2023-08-30T09:00:00.657Z"}}, {"model": "sessions.session", "pk": "8idmu6b2ynxk2v1upu26yk7cylmfq59n", "fields": {"session_data": "e30:1qSKVs:J2jDICkaq4usBAfKjhyAlMDd8Kzqtyz24pzLNcXeEGM", "expire_date": "2023-08-19T16:52:24.409Z"}}, {"model": "sessions.session", "pk": "90w4hnjredtdobhnjpkrpax17jv6vn3e", "fields": {"session_data": ".eJxVjDsOwjAQBe_iGlny-gOmpOcM1np3jQPIluKkQtwdIqWA9s3Me6mE61LTOmROE6uzMurwu2Wkh7QN8B3brWvqbZmnrDdF73Toa2d5Xnb376DiqN8aonM-huC8hShWQEIBawnQx4ieqQB5OWZ2BQFdMTlby0x0yobJsXp_ANBzOJA:1qNmgf:zke-WpQi6Ls1oqFAh_rjN-xASv_dyj7B-Gel6FTwZKs", "expire_date": "2023-08-07T03:56:45.619Z"}}, {"model": "sessions.session", "pk": "h4ujuxk5jbzadsq65v61r2i1oix9tazf", "fields": {"session_data": ".eJxVjMsOgjAUBf-la9P0BQWX7vmGpr0Pi5o2obAy_ruQsNDtzJzzFiFuaw5boyXMKK5iFJdfliI8qRwCH7Hcq4Ra1mVO8kjkaZucKtLrdrZ_Bzm2vK-73hs0PUfNhp1SmKDTxmrwPhKx8w61QjuygUEPCgiAia1zFndgk_h8AesfOFg:1qQPGx:nPVXsv4Fngywb1fM1irurbm1rr4F3fhyAIsKtbJd_6s", "expire_date": "2023-08-14T09:33:03.262Z"}}, {"model": "sessions.session", "pk": "j3ggk27nbaydtgiqroypa0oxluapgtdb", "fields": {"session_data": ".eJxVjDsOwjAQBe_iGlny-gOmpOcM1np3jQPIluKkQtwdIqWA9s3Me6mE61LTOmROE6uzMurwu2Wkh7QN8B3brWvqbZmnrDdF73Toa2d5Xnb376DiqN8aonM-huC8hShWQEIBawnQx4ieqQB5OWZ2BQFdMTlby0x0yobJsXp_ANBzOJA:1qOco7:CgbO66Zoq-BSkVSE5cz5Y92WpEaM8hYa4WybM35kP3w", "expire_date": "2023-08-09T11:35:55.930Z"}}, {"model": "sessions.session", "pk": "kj0uwrdwcndalpe67wnilpmh4n4gwd1q", "fields": {"session_data": ".eJxVjEsOgkAUBO8yazOZDwzo0j1nIO_TI6iBhIGV8e5KwkK3XVX9Mj1t69BvBUs_qrkYH83pd2SSB6ad6J2m22xlntZlZLsr9qDFdrPieT3cv4OByvCtAY-Y5SxSVZJayUBuQNm7xLVqdClkx8QRbdA6uNxolQhBkDzAbN4fUhU6CQ:1qSVqb:jUft9eZ_u83DIuKlPep9mQ_Nqsnxhkwx_gNdWdzliQo", "expire_date": "2023-08-20T04:58:33.809Z"}}, {"model": "sessions.session", "pk": "mkv7for1sinsuqtkq1st20ojwjuyi11e", "fields": {"session_data": ".eJxVjMsOwiAQRf-FtSHDozxcuvcbCAyDVA0kpV0Z_12bdKHbe865LxbittawDVrCnNmZCWCn3zFFfFDbSb7Hdusce1uXOfFd4Qcd_NozPS-H-3dQ46jf2ntjiQSRco4UJOVMkcoUQKNlngSiRT1JEkUJK7ICbRIVIOMLgNbI3h_44zel:1qQk7F:GAqnnrpJqi9dYY3Vz6fuc_EsSyAu9Puyu2lgfbQvTsI", "expire_date": "2023-08-15T07:48:25.684Z"}}, {"model": "sessions.session", "pk": "njdpo7gwqyci8kk1owprdqo4mn18pgz5", "fields": {"session_data": "e30:1qWr54:ny6MBHvuZiDdhim8LRQ7zdiX6Or2xWn_5v53O19KJFE", "expire_date": "2023-09-01T04:27:26.159Z"}}, {"model": "sessions.session", "pk": "s5wxkighmkkwa85f6ycy452i3ds60ll8", "fields": {"session_data": ".eJxVjMsOgjAUBf-la9P0BQWX7vmGpr0Pi5o2obAy_ruQsNDtzJzzFiFuaw5boyXMKK5iFJdfliI8qRwCH7Hcq4Ra1mVO8kjkaZucKtLrdrZ_Bzm2vK-73hs0PUfNhp1SmKDTxmrwPhKx8w61QjuygUEPCgiAia1zFndgk_h8AesfOFg:1qQSQ2:AL_aRcai2qAI5g_8AZXiW-3pzYe9Snk2EjK-QZmADng", "expire_date": "2023-08-14T12:54:38.910Z"}}, {"model": "sessions.session", "pk": "suk8pu1pb0yygr4a83l806risttreghn", "fields": {"session_data": ".eJxVjDsOwjAQBe_iGlnxN1lKes4QrXc3OIBsKU4qxN0hUgpo38y8lxpxW_O4NVnGmdVZmaBOv2NCekjZCd-x3KqmWtZlTnpX9EGbvlaW5-Vw_w4ytvytO-itkxi5G1Ikb7sUaBDjSAjsZACdN0a8SxMisAABYPCOMGDsmUm9PwKwOJU:1qXgir:eV5wBMi67euBMW_u2rf9dQ9izZrX2qw_F2PkbStTldw", "expire_date": "2023-09-03T11:35:57.478Z"}}, {"model": "sessions.session", "pk": "v5i0qhewk14fkjzl2yw0utw7kq1rxsfy", "fields": {"session_data": "e30:1qWCLg:dKeh2Fda6J_ooJ3pJWwTbUWJxMVsOMfm_NkDJ7-bAy4", "expire_date": "2023-08-30T08:57:52.428Z"}}, {"model": "sessions.session", "pk": "xt9aetmqi68l7sdamo9wdkk7iw9b4vsd", "fields": {"session_data": "e30:1qXbUW:uWYHCN1Png7QBLBXdY_xNeTtmOCSFhoVbsfhoSAGtns", "expire_date": "2023-09-03T06:00:48.115Z"}}, {"model": "sessions.session", "pk": "y1irzsimehwt4avwqmhgzaq37bw4wihy", "fields": {"session_data": "e30:1qWr9G:y05fams8VnBwQqZ6xK1NsTgNEFD_4LN6XcH33jsc2D8", "expire_date": "2023-09-01T04:31:46.192Z"}}, {"model": "account.profile", "pk": 15, "fields": {"password": "pbkdf2_sha256$600000$69HDThT16sT4GJbvb77m8c$s5Xa0pdVOWFFKjn0CsZBm/9G0qPwjgkJTBi+BUKkD2g=", "last_login": "2023-08-20T11:35:57.464Z", "is_superuser": true, "username": "athul", "first_name": "Mridul", "last_name": "CK", "email": "asdf@sdf.ghj", "is_staff": true, "is_active": true, "date_joined": "2023-08-14T04:24:36Z", "phone": 8330823961, "is_email_verified": true, "profile_image": "profile/poco_liReX2a.png", "groups": [], "user_permissions": []}}, {"model": "account.profile", "pk": 16, "fields": {"password": "pbkdf2_sha256$600000$vHy8rIoNiXGoq7HTK7Drcp$JinNvFF8FNXn03AcI909fFpymuhRxYeCXkeHbGVWYGI=", "last_login": null, "is_superuser": false, "username": "ckmridul603@gmai.com", "first_name": "Mridul", "last_name": "CK", "email": "ckmridul603@gmai.com", "is_staff": false, "is_active": true, "date_joined": "2023-08-17T10:13:09.860Z", "phone": 8330823961, "is_email_verified": false, "profile_image": "", "groups": [], "user_permissions": []}}, {"model": "account.profile", "pk": 17, "fields": {"password": "pbkdf2_sha256$600000$z0PNF3CRDt8wA0hvszKUxy$3Ozxfy9nLeIbeelEEB/gMMrQ1SP2gQMHfSLnPQAb2lk=", "last_login": null, "is_superuser": false, "username": "ckmridul@gmail.om", "first_name": "CK", "last_name": "Mridul", "email": "ckmridul@gmail.om", "is_staff": false, "is_active": true, "date_joined": "2023-08-17T10:15:50.760Z", "phone": 8330823961, "is_email_verified": true, "profile_image": "", "groups": [], "user_permissions": []}}, {"model": "account.profile", "pk": 18, "fields": {"password": "pbkdf2_sha256$600000$yLfWrutgQ31yNib1IDbisA$p9VagrD/rUBJOv03s4DXd80q2hMBva+L0pgnRyiyT+A=", "last_login": "2023-08-18T04:38:46.718Z", "is_superuser": false, "username": "ckmridul603@gmail.com", "first_name": "mithu", "last_name": "ck", "email": "ckmridul603@gmail.com", "is_staff": false, "is_active": true, "date_joined": "2023-08-18T04:00:04.986Z", "phone": 8330823961, "is_email_verified": true, "profile_image": "", "groups": [], "user_permissions": []}}, {"model": "account.profile", "pk": 19, "fields": {"password": "pbkdf2_sha256$600000$G92zpcf9Cvd3NyZSRN94B0$aw9XFbcdf2BV1Lkjm/IYOA528a26x2p1StZ17Obl7Gk=", "last_login": "2023-08-20T10:39:14.269Z", "is_superuser": true, "username": "qq", "first_name": "", "last_name": "", "email": "qq@qq.qq", "is_staff": true, "is_active": true, "date_joined": "2023-08-20T10:38:46.929Z", "phone": null, "is_email_verified": false, "profile_image": "", "groups": [], "user_permissions": []}}, {"model": "account.cart", "pk": "498dd255-a020-4ecf-92a3-b325112cddfc", "fields": {"created_at": "2023-08-20T11:19:35.037Z", "updated_at": "2023-08-20T11:19:35.037Z", "user": 19, "session_id": null, "coupon": null, "is_paid": false}}, {"model": "account.cart", "pk": "984272d4-6b08-49aa-bfd9-fd66fc0618ec", "fields": {"created_at": "2023-08-18T04:24:08.958Z", "updated_at": "2023-08-18T04:24:08.958Z", "user": null, "session_id": "kbcicvna3r10xjv9n2fv0buar32bs6io", "coupon": null, "is_paid": false}}, {"model": "account.cart", "pk": "b3a3e373-3714-4299-b63c-a288711c7635", "fields": {"created_at": "2023-08-18T04:01:11.437Z", "updated_at": "2023-08-18T04:01:11.437Z", "user": 18, "session_id": null, "coupon": null, "is_paid": false}}, {"model": "account.cartitem", "pk": "0e43f41b-5dd7-4c72-a212-63f5b37c9182", "fields": {"created_at": "2023-08-20T11:19:35.075Z", "updated_at": "2023-08-20T11:19:35.075Z", "cart": "498dd255-a020-4ecf-92a3-b325112cddfc", "product": "554fea4a-cc2d-450b-897f-918fc5844d4f", "variant": "4944d2ff-fe19-4492-bd20-4c8d26cf8c7e", "quantity": 1}}, {"model": "account.cartitem", "pk": "97fd615d-d093-4f02-8922-4cd0068dd56f", "fields": {"created_at": "2023-08-18T04:33:16.433Z", "updated_at": "2023-08-18T04:34:36.108Z", "cart": "b3a3e373-3714-4299-b63c-a288711c7635", "product": "554fea4a-cc2d-450b-897f-918fc5844d4f", "variant": "4944d2ff-fe19-4492-bd20-4c8d26cf8c7e", "quantity": 3}}, {"model": "product.offer", "pk": "54489347-a960-44e7-8189-81aa0a6a04a1", "fields": {"created_at": "2023-08-17T10:19:05.521Z", "updated_at": "2023-08-17T10:19:05.521Z", "name": "new offer 20", "percentage": 20}}, {"model": "product.offer", "pk": "a87178f6-8b75-4be5-806a-498d29ae4387", "fields": {"created_at": "2023-08-13T10:24:28.651Z", "updated_at": "2023-08-13T10:24:28.651Z", "name": "Onam", "percentage": 20}}, {"model": "product.offer", "pk": "e377d47b-8e19-40b6-a73b-c0827ea4214b", "fields": {"created_at": "2023-08-13T10:25:06.705Z", "updated_at": "2023-08-15T14:03:34.655Z", "name": "Onam 2k23", "percentage": 51}}, {"model": "product.category", "pk": "209c00fe-303a-4ac9-8f37-ee94cda62e75", "fields": {"created_at": "2023-07-23T09:19:45.105Z", "updated_at": "2023-08-16T05:20:08.135Z", "category_name": "Laptop", "slug": "laptop", "category_image": "catgories/na-gaming-laptop-lenovo-original-imag5ve3jvhgvsnx.webp", "offer": "a87178f6-8b75-4be5-806a-498d29ae4387"}}, {"model": "product.category", "pk": "7202bbb3-fc77-4aee-b853-22f1f6f9f1e5", "fields": {"created_at": "2023-07-24T05:44:51.084Z", "updated_at": "2023-08-16T05:20:13.018Z", "category_name": "Mobile", "slug": "mobile", "category_image": "catgories/mobile_KBedZzg.jpeg", "offer": null}}, {"model": "product.category", "pk": "f8358ebb-2fc0-4eca-b3a2-6946ee29a628", "fields": {"created_at": "2023-07-24T05:45:26.344Z", "updated_at": "2023-08-18T04:53:09.789Z", "category_name": "Tablet", "slug": "tablet", "category_image": "catgories/tab.jpg", "offer": "54489347-a960-44e7-8189-81aa0a6a04a1"}}, {"model": "product.brand", "pk": 1, "fields": {"title": "Lenovo", "image": "brand_imgs/Lenovo_83f4Wp8.png"}}, {"model": "product.brand", "pk": 2, "fields": {"title": "dell", "image": "brand_imgs/dell_0K68VDK.png"}}, {"model": "product.brand", "pk": 3, "fields": {"title": "Hp", "image": "brand_imgs/hp_rIXbRlv.png"}}, {"model": "product.brand", "pk": 4, "fields": {"title": "MI", "image": "brand_imgs/MI.png"}}, {"model": "product.brand", "pk": 5, "fields": {"title": "Realme", "image": "brand_imgs/ralme.png"}}, {"model": "product.brand", "pk": 6, "fields": {"title": "POCO", "image": "brand_imgs/poco.png"}}, {"model": "product.product", "pk": "0c575822-d098-45a6-9e76-c4706492a68f", "fields": {"created_at": "2023-07-24T06:47:50.266Z", "updated_at": "2023-07-31T12:18:29.492Z", "product_name": "Realme Pad", "slug": "realme-pad", "product_description": "Model Number\t    RMP2102Model Name\t    PadIdeal Usage\t    Entertainment, GamingColor\t    GoldConnectivity\t    Wi-Fi+4GOS\t    AndroidOperating System Version\t    11RAM\t    4 GBVoice Call\t    YesDisplay Resolution Type\t    WUXGA+HD Video Call\t    YesIn-build Keypad\t    YesSupported Network\t    4G LTE, GSMDisplay Supported Network\t    GSMProcessor Type\t    MediaTek Helio G80User Interface\t    Touch Interface", "category": "f8358ebb-2fc0-4eca-b3a2-6946ee29a628", "brand": 5, "status": true, "offer": null}}, {"model": "product.product", "pk": "22ce674d-d980-498f-ba07-1c9342e81a9f", "fields": {"created_at": "2023-07-24T07:38:11.981Z", "updated_at": "2023-08-16T04:13:32.086Z", "product_name": "OPPO Reno10 5G", "slug": "oppo-reno10-5g", "product_description": "In The Box\t    Handset, Charger, USB Data Cable, Sim Ejector Tool, Safety Guide, Quick Guide, Protective CaseModel Number\t    2531Model Name\t    Reno10 5GColor\t    Ice BlueBrowse Type\t    SmartphonesSIM Type\t    Dual SimHybrid Sim Slot\t    NoTouchscreen\t    YesOTG Compatible\t    YesQuick Charging\t    YesSound Enhancements\t    Dual Stereo SpeakersSAR Value\t    Head: 0.99 W/kg, Body: 0.67 W/kg", "category": "7202bbb3-fc77-4aee-b853-22f1f6f9f1e5", "brand": 6, "status": true, "offer": "a87178f6-8b75-4be5-806a-498d29ae4387"}}, {"model": "product.product", "pk": "51afbcbd-60fc-4e6a-af2c-345a91440308", "fields": {"created_at": "2023-08-16T04:54:44.802Z", "updated_at": "2023-08-16T04:55:12.225Z", "product_name": "xzcv bd", "slug": "xzcv-bd", "product_description": "zcvb fg", "category": "209c00fe-303a-4ac9-8f37-ee94cda62e75", "brand": 1, "status": false, "offer": null}}, {"model": "product.product", "pk": "554fea4a-cc2d-450b-897f-918fc5844d4f", "fields": {"created_at": "2023-07-24T06:22:41.533Z", "updated_at": "2023-08-13T10:52:12.531Z", "product_name": "Lenovo Ideapad Gaming 3", "slug": "lenovo-ideapad-gaming-3", "product_description": "Sales Package\t    Laptop, Battery, Adapter, Cables, User ManualsModel Number\t    15ACH6Part Number\t    82K2025KINModel Name\t    Gaming 3Series\t    Ideapad Gaming 3 AMDColor\t    Shadow BlackType\t    Gaming LaptopSuitable For\t    GamingBattery Backup\t    Upto 5 HoursPower Supply\t    135W Slim Tip (3-pin)MS Office Provided\t    No", "category": "209c00fe-303a-4ac9-8f37-ee94cda62e75", "brand": 1, "status": true, "offer": "e377d47b-8e19-40b6-a73b-c0827ea4214b"}}, {"model": "product.product", "pk": "9050b69a-33b3-4172-8df8-58cc69437696", "fields": {"created_at": "2023-08-16T04:57:56.371Z", "updated_at": "2023-08-16T04:58:14.208Z", "product_name": "sgf", "slug": "sgf", "product_description": "eg", "category": "209c00fe-303a-4ac9-8f37-ee94cda62e75", "brand": 1, "status": false, "offer": "e377d47b-8e19-40b6-a73b-c0827ea4214b"}}, {"model": "product.product", "pk": "a1749d21-5347-4e22-bc39-dd343cda91cc", "fields": {"created_at": "2023-07-24T06:31:35.128Z", "updated_at": "2023-08-18T04:59:05.264Z", "product_name": "HP Intel Core i3 11th Gen", "slug": "hp-intel-core-i3-11th-gen", "product_description": "Sales Package\t    Laptop, Power Adaptor, HP Rechargeable MPP2.0 Tilt Pen, User Guide, Warranty DocumentsModel Number\t    14-dy0212TUPart Number\t    6N0L9PA#ACJModel Name\t    14-dy0212TUSeries\t    IntelColor\t    Natural SilverType\t    2 in 1 LaptopSuitable For\t    Entertainment, Everyday Use, Processing & MultitaskingBattery Cell\t    3MS Office Provided\t    YesStylus Included\t    Yes", "category": "209c00fe-303a-4ac9-8f37-ee94cda62e75", "brand": 3, "status": true, "offer": "54489347-a960-44e7-8189-81aa0a6a04a1"}}, {"model": "product.product", "pk": "b00e9417-a199-4b1c-afaa-228fb662b75e", "fields": {"created_at": "2023-07-24T06:35:51.509Z", "updated_at": "2023-08-18T05:03:10.738Z", "product_name": "REDMI Pad", "slug": "redmi-pad", "product_description": "Model Number\t    VHU4254INModel Name\t    PadColor\t    Moonlight SilverConnectivity\t    Wi-Fi OnlyOS\t    AndroidOperating System Version\t    12RAM\t    4 GBVoice Call\t    NoProcessor Type\t    Octa Core", "category": "f8358ebb-2fc0-4eca-b3a2-6946ee29a628", "brand": 4, "status": true, "offer": "a87178f6-8b75-4be5-806a-498d29ae4387"}}, {"model": "product.product", "pk": "ca124e87-861d-406b-967a-c5e8e22f7db3", "fields": {"created_at": "2023-08-16T04:58:06.250Z", "updated_at": "2023-08-16T04:58:17.036Z", "product_name": "earg", "slug": "earg", "product_description": "egv", "category": "209c00fe-303a-4ac9-8f37-ee94cda62e75", "brand": 1, "status": false, "offer": null}}, {"model": "product.product", "pk": "ff634e55-7a5b-4645-a447-227fe3095cf3", "fields": {"created_at": "2023-07-24T07:19:29.822Z", "updated_at": "2023-07-24T07:19:29.822Z", "product_name": "REDMI Note 12 5G", "slug": "redmi-note-12-5g", "product_description": "In The Box\r\n\t\r\n\r\n    Handset, 33W Charger, USB Type-C Cable, Sim Eject Tool, Protective Case, Quick Start Guide, Warranty Card\r\n\r\nModel Number\r\n\t\r\n\r\n    22111317I|MZB0D5IIN\r\n\r\nModel Name\r\n\t\r\n\r\n    Note 12 5G\r\n\r\nColor\r\n\t\r\n\r\n    Frosted Green\r\n\r\nBrowse Type\r\n\t\r\n\r\n    Smartphones\r\n\r\nSIM Type\r\n\t\r\n\r\n    Dual Sim\r\n\r\nHybrid Sim Slot\r\n\t\r\n\r\n    Yes\r\n\r\nTouchscreen\r\n\t\r\n\r\n    Yes\r\n\r\nOTG Compatible\r\n\t\r\n\r\n    Yes\r\n\r\nQuick Charging\r\n\t\r\n\r\n    Yes\r\n\r\nSAR Value\r\n\t\r\n\r\n    SAR Limit: 1.6 W/kg, Head: 0.817 W/kg, Body: 0.658 W/kg", "category": "7202bbb3-fc77-4aee-b853-22f1f6f9f1e5", "brand": 4, "status": true, "offer": null}}, {"model": "product.productimage", "pk": "14c0d33a-46be-45a3-ac78-42488cd6fcb0", "fields": {"created_at": "2023-07-24T07:38:11.990Z", "updated_at": "2023-07-24T07:38:11.990Z", "product": "22ce674d-d980-498f-ba07-1c9342e81a9f", "image": "product/-original-imagdu8j9vxscfdh.jpeg"}}, {"model": "product.productimage", "pk": "16c22601-cdbc-4712-be10-df65da1f56b5", "fields": {"created_at": "2023-07-24T07:38:11.986Z", "updated_at": "2023-07-24T07:40:03.920Z", "product": "22ce674d-d980-498f-ba07-1c9342e81a9f", "image": "product/-original-imagdu8j9vxscfdh_r7o3oZM.jpeg"}}, {"model": "product.productimage", "pk": "1ed45a06-859f-44b9-bd0b-72151ce16dbc", "fields": {"created_at": "2023-07-24T06:22:41.538Z", "updated_at": "2023-07-24T06:22:41.538Z", "product": "554fea4a-cc2d-450b-897f-918fc5844d4f", "image": "product/ideapad-gaming-3-gaming-laptop-lenovo-original-imagenyz9pugdrpn.jpeg"}}, {"model": "product.productimage", "pk": "2085ab18-4fd2-46e2-91da-19fb31e31069", "fields": {"created_at": "2023-07-24T06:22:41.534Z", "updated_at": "2023-07-24T06:22:41.534Z", "product": "554fea4a-cc2d-450b-897f-918fc5844d4f", "image": "product/-original-imagaufne7h4hgbz.jpeg"}}, {"model": "product.productimage", "pk": "258550e4-6eb7-4042-89cb-95177659d05d", "fields": {"created_at": "2023-07-24T07:19:29.825Z", "updated_at": "2023-07-24T07:19:29.825Z", "product": "ff634e55-7a5b-4645-a447-227fe3095cf3", "image": "product/note-12-5g-mzb0ei8in-redmi-original-imagpgr9pbcgzj83.jpeg"}}, {"model": "product.productimage", "pk": "2cbfb533-8d00-4deb-b7f4-ad20e0582ee5", "fields": {"created_at": "2023-07-24T07:09:09.470Z", "updated_at": "2023-07-24T07:09:09.470Z", "product": "a1749d21-5347-4e22-bc39-dd343cda91cc", "image": "product/-original-imagkqwzbuttvcfu_GZLNr1F.jpeg"}}, {"model": "product.productimage", "pk": "2f9a189f-abff-4d81-97eb-a2a3e7598f20", "fields": {"created_at": "2023-07-24T07:19:29.823Z", "updated_at": "2023-07-24T07:19:29.823Z", "product": "ff634e55-7a5b-4645-a447-227fe3095cf3", "image": "product/note-12-5g-mzb0ei8in-redmi-original-imagpgr9gpmjjnwa.jpeg"}}, {"model": "product.productimage", "pk": "37c4cf8a-9637-4458-b40d-9bd3755fa766", "fields": {"created_at": "2023-07-24T07:38:11.983Z", "updated_at": "2023-07-24T07:38:11.984Z", "product": "22ce674d-d980-498f-ba07-1c9342e81a9f", "image": "product/-original-imagdu8j2588xytz.jpeg"}}, {"model": "product.productimage", "pk": "443a6a83-cb0c-413d-a22f-52795a842f9c", "fields": {"created_at": "2023-07-24T06:50:52.915Z", "updated_at": "2023-07-24T06:50:52.915Z", "product": "0c575822-d098-45a6-9e76-c4706492a68f", "image": "product/rmp2103-realme-original-imag6h83er9akrxz_eXM7vr5.jpeg"}}, {"model": "product.productimage", "pk": "444f3879-fe88-43c0-96a0-159db420d301", "fields": {"created_at": "2023-07-24T06:50:52.913Z", "updated_at": "2023-07-24T06:50:52.913Z", "product": "0c575822-d098-45a6-9e76-c4706492a68f", "image": "product/rmp21023-realme-original-imag6x4khzkezaxy_XVKcsre.jpeg"}}, {"model": "product.productimage", "pk": "4ba6dbbf-c4eb-4f95-bac4-d431acab1eab", "fields": {"created_at": "2023-07-24T07:19:29.824Z", "updated_at": "2023-07-24T07:19:29.824Z", "product": "ff634e55-7a5b-4645-a447-227fe3095cf3", "image": "product/-original-imagpxdbbfrrzcjy.jpeg"}}, {"model": "product.productimage", "pk": "63baf5f5-4774-4acd-a6b8-8a626fd80e65", "fields": {"created_at": "2023-07-24T07:02:17.562Z", "updated_at": "2023-07-24T07:02:17.563Z", "product": "b00e9417-a199-4b1c-afaa-228fb662b75e", "image": "product/-original-imaggp4gegxb6qhj_84eMVXt.jpeg"}}, {"model": "product.productimage", "pk": "9207ee7a-8b1a-4ee5-81ba-158d2a06bcc9", "fields": {"created_at": "2023-07-24T07:02:59.374Z", "updated_at": "2023-07-24T07:02:59.374Z", "product": "b00e9417-a199-4b1c-afaa-228fb662b75e", "image": "product/-original-imaggp4gbepzeta8_9iiBsBX.jpeg"}}, {"model": "product.productimage", "pk": "9925813f-45e6-4d58-9ad0-e96841ed335b", "fields": {"created_at": "2023-07-24T07:08:46.819Z", "updated_at": "2023-07-24T07:08:46.819Z", "product": "a1749d21-5347-4e22-bc39-dd343cda91cc", "image": "product/-original-imagp7pfeutcgxrn_0UUgEXs.jpeg"}}, {"model": "product.productimage", "pk": "9d8f746d-fc99-4343-9572-ef2e35b56f12", "fields": {"created_at": "2023-07-24T06:22:41.536Z", "updated_at": "2023-07-24T06:22:41.536Z", "product": "554fea4a-cc2d-450b-897f-918fc5844d4f", "image": "product/-original-imagaufnvgbuhe9a.jpeg"}}, {"model": "product.productimage", "pk": "a73adf91-bbcf-458c-b770-1a709eebe03c", "fields": {"created_at": "2023-07-24T07:09:03.381Z", "updated_at": "2023-07-24T07:09:03.381Z", "product": "a1749d21-5347-4e22-bc39-dd343cda91cc", "image": "product/-original-imagkqwzgc4shvgn_AmHDtss.jpeg"}}, {"model": "product.productimage", "pk": "b83ebc77-4681-4de1-b2e0-91853e77f8a7", "fields": {"created_at": "2023-07-24T06:22:41.537Z", "updated_at": "2023-07-24T06:22:41.537Z", "product": "554fea4a-cc2d-450b-897f-918fc5844d4f", "image": "product/ideapad-gaming-3-gaming-laptop-lenovo-original-imagenyzpsqe8jvm.jpeg"}}, {"model": "product.productimage", "pk": "befed310-4141-47ba-884d-048b674246f6", "fields": {"created_at": "2023-07-24T07:19:29.826Z", "updated_at": "2023-07-24T07:19:29.826Z", "product": "ff634e55-7a5b-4645-a447-227fe3095cf3", "image": "product/note-12-5g-mzb0ei8in-redmi-original-imagpgr9pbcgzj83_xBuQEGu.jpeg"}}, {"model": "product.productimage", "pk": "cda496f5-533e-459a-bd92-2198a73f4344", "fields": {"created_at": "2023-07-24T07:08:54.549Z", "updated_at": "2023-07-24T07:08:54.549Z", "product": "a1749d21-5347-4e22-bc39-dd343cda91cc", "image": "product/14s-dy2507tu-thin-and-light-laptop-hp-original-imaggheseph8q6mr_tKKP8wr.jpeg"}}, {"model": "product.productimage", "pk": "e549e329-77e8-4125-9893-d18110198ebe", "fields": {"created_at": "2023-07-24T06:50:52.916Z", "updated_at": "2023-07-24T06:50:52.916Z", "product": "0c575822-d098-45a6-9e76-c4706492a68f", "image": "product/rmp2103-realme-original-imag6h83yvtku7ec_Y3JMe1A.jpeg"}}, {"model": "product.productimage", "pk": "fbe50437-7af0-4342-991a-5b24c51ef496", "fields": {"created_at": "2023-07-24T07:02:59.375Z", "updated_at": "2023-07-24T07:02:59.375Z", "product": "b00e9417-a199-4b1c-afaa-228fb662b75e", "image": "product/-original-imaggp4gphmevwgb_nv2NM8S.jpeg"}}, {"model": "product.productvariant", "pk": "019b85e5-8a5c-4693-a59f-46e4b67df055", "fields": {"created_at": "2023-07-24T07:22:43.909Z", "updated_at": "2023-08-23T11:14:20.576Z", "product": "ff634e55-7a5b-4645-a447-227fe3095cf3", "quantity": 69, "price": 18999, "color": "green", "ram": "4 GB", "storage": "64 GB"}}, {"model": "product.productvariant", "pk": "10e7f735-a2de-4981-a772-bfc14ff24a0e", "fields": {"created_at": "2023-07-24T07:15:46.755Z", "updated_at": "2023-07-24T07:15:46.755Z", "product": "0c575822-d098-45a6-9e76-c4706492a68f", "quantity": 115, "price": 16999, "color": "Silver", "ram": "4 GB", "storage": "64 GB"}}, {"model": "product.productvariant", "pk": "21fd4057-ac60-4814-b4cf-e866314a1b3c", "fields": {"created_at": "2023-07-24T07:16:30.288Z", "updated_at": "2023-07-24T07:16:30.288Z", "product": "0c575822-d098-45a6-9e76-c4706492a68f", "quantity": 19, "price": 18999, "color": "Silver", "ram": "8 GB", "storage": "128 GB"}}, {"model": "product.productvariant", "pk": "431c7708-5cc0-459c-99e7-b394754f6123", "fields": {"created_at": "2023-07-24T07:23:23.697Z", "updated_at": "2023-07-24T07:23:23.697Z", "product": "ff634e55-7a5b-4645-a447-227fe3095cf3", "quantity": 65, "price": 19999, "color": "Grean", "ram": "8 GB", "storage": "128 GB"}}, {"model": "product.productvariant", "pk": "48ca451d-62fd-4992-8c78-86f1a8cdba8d", "fields": {"created_at": "2023-07-24T06:37:18.322Z", "updated_at": "2023-08-14T10:29:22.162Z", "product": "b00e9417-a199-4b1c-afaa-228fb662b75e", "quantity": 3, "price": 17999, "color": "Silver", "ram": "4 GB", "storage": "128 GB"}}, {"model": "product.productvariant", "pk": "4944d2ff-fe19-4492-bd20-4c8d26cf8c7e", "fields": {"created_at": "2023-07-24T06:25:15.406Z", "updated_at": "2023-08-23T11:14:20.567Z", "product": "554fea4a-cc2d-450b-897f-918fc5844d4f", "quantity": 283, "price": 49990, "color": "Black", "ram": "8 GB", "storage": "512 GB SSD"}}, {"model": "product.productvariant", "pk": "73aba35a-cfe2-41da-bd8b-71ada38afdc1", "fields": {"created_at": "2023-07-24T06:28:19.913Z", "updated_at": "2023-08-23T11:14:20.586Z", "product": "554fea4a-cc2d-450b-897f-918fc5844d4f", "quantity": 197, "price": 54990, "color": "Black", "ram": "16 GB", "storage": "1 TB"}}, {"model": "product.productvariant", "pk": "8934ae78-3eed-46d4-a412-953cc48c7391", "fields": {"created_at": "2023-08-09T04:56:59.808Z", "updated_at": "2023-08-09T04:56:59.808Z", "product": "22ce674d-d980-498f-ba07-1c9342e81a9f", "quantity": 10, "price": 6000, "color": "silver", "ram": "2GB", "storage": "128GB"}}, {"model": "product.productvariant", "pk": "966f6a24-e1f1-4c85-9d5a-95e55a4ee68f", "fields": {"created_at": "2023-07-24T06:32:49.678Z", "updated_at": "2023-08-23T11:14:20.596Z", "product": "a1749d21-5347-4e22-bc39-dd343cda91cc", "quantity": 120, "price": 52000, "color": "Silver", "ram": "8 GB", "storage": "512 GB SSD"}}, {"model": "product.productvariant", "pk": "de87d355-4a6a-4488-b564-48f84f739caf", "fields": {"created_at": "2023-07-24T06:38:22.873Z", "updated_at": "2023-07-24T06:38:22.873Z", "product": "b00e9417-a199-4b1c-afaa-228fb662b75e", "quantity": 109, "price": 19999, "color": "Silver", "ram": "8 GB", "storage": "256 GB"}}, {"model": "product.productvariant", "pk": "e916c6b6-47e5-4919-80d6-7971489fd504", "fields": {"created_at": "2023-07-24T06:33:41.378Z", "updated_at": "2023-08-12T05:15:09.197Z", "product": "a1749d21-5347-4e22-bc39-dd343cda91cc", "quantity": 0, "price": 62000, "color": "Silver", "ram": "16 GB", "storage": "1 TB"}}, {"model": "product.productvariant", "pk": "ebd9337c-198a-42bf-8cb2-87d49350bab7", "fields": {"created_at": "2023-08-17T04:19:44.216Z", "updated_at": "2023-08-17T04:19:44.217Z", "product": "51afbcbd-60fc-4e6a-af2c-345a91440308", "quantity": 45, "price": 56547, "color": "sgbh", "ram": "rgh", "storage": "srth"}}, {"model": "product.coupon", "pk": "2674adb7-49b9-48a3-aa25-0171b744c4ad", "fields": {"created_at": "2023-08-17T10:30:12.912Z", "updated_at": "2023-08-17T10:30:12.912Z", "coupon_code": "OFF_1000", "is_expired": false, "discount_price": 1000, "minimum_amount": 5000}}, {"model": "product.coupon", "pk": "83756e22-da06-4f18-9dae-ed68520e3bc0", "fields": {"created_at": "2023-08-17T10:29:41.852Z", "updated_at": "2023-08-17T10:29:41.852Z", "coupon_code": "OFF_50", "is_expired": false, "discount_price": 1000, "minimum_amount": 500}}, {"model": "product.coupon", "pk": "b67f96d9-afc2-4854-8c1d-d3503f6b034b", "fields": {"created_at": "2023-07-27T11:20:36.945Z", "updated_at": "2023-08-15T11:52:20.044Z", "coupon_code": "FIRST_BUY", "is_expired": false, "discount_price": 1000, "minimum_amount": 5000}}, {"model": "user.address", "pk": "0c00d196-7acf-439a-9fdb-cfddb7dd851b", "fields": {"created_at": "2023-08-18T19:11:47.637Z", "updated_at": "2023-08-18T19:11:47.638Z", "user": null, "session_id": "t7zx1iqw2ojijop2o2pyad2zolllwi65", "name": "kasgfk", "landmark": null, "city": "rgef", "pincode": 56345, "state": "asdcfa", "place": "fghsa", "address": "fgasffffff", "phone": 3656565, "alternate_number": null}}, {"model": "user.address", "pk": "3ef40d23-33a0-4153-b338-c7f44f6492fe", "fields": {"created_at": "2023-08-20T06:01:53.890Z", "updated_at": "2023-08-20T06:01:53.890Z", "user": null, "session_id": "mv0yj60thaizsaf8ogb5prz1ogz3sw0x", "name": "Mridul", "landmark": null, "city": "uygfsie", "pincode": 876865, "state": "9ayf", "place": "hg", "address": "uyfgcuffaf", "phone": 876856, "alternate_number": null}}, {"model": "user.address", "pk": "547cd07d-0d4e-427a-ac82-08459308a9da", "fields": {"created_at": "2023-08-19T14:05:31.917Z", "updated_at": "2023-08-19T14:05:31.917Z", "user": null, "session_id": "0tg9xslwctgnzcv4ed3kkekxunzms8m8", "name": "mkadhfuewuojfkaaaaaaj", "landmark": null, "city": "dq", "pincode": 234, "state": "qwd", "place": "db", "address": "sd", "phone": 8330823961, "alternate_number": null}}, {"model": "user.address", "pk": "92dc5151-b217-44c4-9f29-fc9505aebfdb", "fields": {"created_at": "2023-08-17T10:32:16.196Z", "updated_at": "2023-08-17T10:32:16.196Z", "user": 15, "session_id": "test", "name": "CK MRIDUL", "landmark": null, "city": "KANNUR", "pincode": 676744, "state": "KERALA", "place": "KANNUR", "address": "JKAHBFOU,JGHDI", "phone": 8330823961, "alternate_number": null}}, {"model": "user.address", "pk": "b7919eba-bf30-44c7-b3de-40620241c332", "fields": {"created_at": "2023-08-20T06:02:58.928Z", "updated_at": "2023-08-20T06:02:58.929Z", "user": null, "session_id": "mv0yj60thaizsaf8ogb5prz1ogz3sw0x", "name": ",kjzbxfg", "landmark": null, "city": "dgsh", "pincode": 467, "state": "sdgh", "place": "sdgv", "address": "sdg", "phone": 457, "alternate_number": null}}, {"model": "user.address", "pk": "b94367e3-c6b1-441b-8d20-7dc8c8f12da8", "fields": {"created_at": "2023-08-20T11:20:06.405Z", "updated_at": "2023-08-20T11:20:06.406Z", "user": 19, "session_id": "", "name": "ghr5", "landmark": null, "city": "sdfghj", "pincode": 57, "state": "srdtcgvb", "place": "yfg", "address": "ssdfghjk", "phone": 78, "alternate_number": null}}, {"model": "user.address", "pk": "e10abf5e-d315-4c70-a814-dd200a696673", "fields": {"created_at": "2023-08-03T07:40:01.087Z", "updated_at": "2023-08-14T08:19:00.909Z", "user": 15, "session_id": "test", "name": "Mridul", "landmark": null, "city": "Kannur", "pincode": 670595, "state": "Kerala", "place": "Kanad", "address": "Sreevinayalam", "phone": 8330823961, "alternate_number": null}}, {"model": "user.wishlist", "pk": "01e082dc-7eec-4ee2-8d3c-18e0def825fe", "fields": {"created_at": "2023-08-19T17:15:35.607Z", "updated_at": "2023-08-19T17:15:35.607Z", "user": null, "session_id": "2g103cr3n94qdg8rzv9tguf3q7ipmt3z"}}, {"model": "user.wishlist", "pk": "59444dfe-05f7-4c83-bb50-5cb1bd378645", "fields": {"created_at": "2023-08-18T04:33:19.204Z", "updated_at": "2023-08-18T04:33:19.204Z", "user": null, "session_id": "94d7v1k8yo23i7abnfm7k7m4a6bt43ep"}}, {"model": "user.wishlist", "pk": "79aa8700-a6d7-4885-9d3c-1f6b5270f113", "fields": {"created_at": "2023-08-14T04:17:22.323Z", "updated_at": "2023-08-14T04:17:22.323Z", "user": null, "session_id": "7niob09sus0tvic7rtqocn6z6vo2aquu"}}, {"model": "user.wishlist", "pk": "93fec721-7033-4923-a31d-fd12b37bfcfb", "fields": {"created_at": "2023-08-20T11:35:11.535Z", "updated_at": "2023-08-20T11:35:11.535Z", "user": 19, "session_id": null}}, {"model": "user.wishlist", "pk": "c34c8f39-71a9-4bcf-9e0f-6d1aa7bacad3", "fields": {"created_at": "2023-08-14T05:23:42.324Z", "updated_at": "2023-08-14T05:23:42.325Z", "user": 15, "session_id": null}}, {"model": "user.wishlist", "pk": "c65b1e69-09ea-4234-a3f5-16d1e7b75d9c", "fields": {"created_at": "2023-08-13T15:50:50.270Z", "updated_at": "2023-08-13T15:50:50.270Z", "user": null, "session_id": "cx5dx4xk3scplicu91pbnrffizwwv77c"}}, {"model": "user.wishlistitem", "pk": "35a3b283-ac4f-4ba2-ad06-34a4254fd3a1", "fields": {"created_at": "2023-08-17T10:22:49.017Z", "updated_at": "2023-08-17T10:22:49.017Z", "wishlist": "c34c8f39-71a9-4bcf-9e0f-6d1aa7bacad3", "product": "ff634e55-7a5b-4645-a447-227fe3095cf3", "variant": "019b85e5-8a5c-4693-a59f-46e4b67df055"}}, {"model": "user.wishlistitem", "pk": "4a290d2f-e71a-486c-a04c-707a037bb7e0", "fields": {"created_at": "2023-08-17T10:22:23.596Z", "updated_at": "2023-08-17T10:22:23.596Z", "wishlist": "c34c8f39-71a9-4bcf-9e0f-6d1aa7bacad3", "product": "554fea4a-cc2d-450b-897f-918fc5844d4f", "variant": "4944d2ff-fe19-4492-bd20-4c8d26cf8c7e"}}, {"model": "user.wishlistitem", "pk": "4d193724-6e6a-49f1-98f7-b6c445605933", "fields": {"created_at": "2023-08-18T04:33:19.214Z", "updated_at": "2023-08-18T04:33:19.214Z", "wishlist": "59444dfe-05f7-4c83-bb50-5cb1bd378645", "product": "554fea4a-cc2d-450b-897f-918fc5844d4f", "variant": "4944d2ff-fe19-4492-bd20-4c8d26cf8c7e"}}, {"model": "user.wishlistitem", "pk": "a094d910-ca8d-428d-a5f7-48f5aa3681dc", "fields": {"created_at": "2023-08-19T17:15:35.612Z", "updated_at": "2023-08-19T17:15:35.612Z", "wishlist": "01e082dc-7eec-4ee2-8d3c-18e0def825fe", "product": "554fea4a-cc2d-450b-897f-918fc5844d4f", "variant": "4944d2ff-fe19-4492-bd20-4c8d26cf8c7e"}}, {"model": "user.wishlistitem", "pk": "f7733ca7-912a-4e78-885e-9ca32da101c0", "fields": {"created_at": "2023-08-14T04:17:22.331Z", "updated_at": "2023-08-14T04:17:22.331Z", "wishlist": "79aa8700-a6d7-4885-9d3c-1f6b5270f113", "product": "554fea4a-cc2d-450b-897f-918fc5844d4f", "variant": "4944d2ff-fe19-4492-bd20-4c8d26cf8c7e"}}, {"model": "order.payment", "pk": "2a889cc1-ed8a-49e5-a7f3-31f8267ddf7d", "fields": {"created_at": "2023-08-17T10:33:02.873Z", "updated_at": "2023-08-17T10:33:02.873Z", "user": 15, "session_id": "test", "payment_id": "pay_MR6UvLdsBzOqDt", "payment_method": "upi", "amount_paid": "24494.90", "status": "captured"}}, {"model": "order.payment", "pk": "2c25cf07-659e-4335-8faf-d8de667eebcb", "fields": {"created_at": "2023-08-16T07:55:53.315Z", "updated_at": "2023-08-16T07:55:53.315Z", "user": 15, "session_id": "test", "payment_id": "pay_MQfHnezElln1GI", "payment_method": "upi", "amount_paid": "48990.00", "status": "captured"}}, {"model": "order.payment", "pk": "51bb96d5-3f79-4d7a-81f9-41485ff9cb5b", "fields": {"created_at": "2023-08-16T08:01:27.253Z", "updated_at": "2023-08-16T08:01:27.253Z", "user": 15, "session_id": "test", "payment_id": "pay_MQfNfevNxWku0F", "payment_method": "upi", "amount_paid": "100990.00", "status": "captured"}}, {"model": "order.payment", "pk": "5bd83c25-af23-4303-b16e-c50e36df3ffc", "fields": {"created_at": "2023-08-18T19:35:01.264Z", "updated_at": "2023-08-18T19:35:01.264Z", "user": null, "session_id": "t7zx1iqw2ojijop2o2pyad2zolllwi65", "payment_id": "pay_MReGYfs2RfYu5H", "payment_method": "upi", "amount_paid": "24494.90", "status": "captured"}}, {"model": "order.payment", "pk": "7cd3933c-0432-4af0-9115-b02940c9e251", "fields": {"created_at": "2023-08-14T05:52:17.291Z", "updated_at": "2023-08-14T05:52:17.291Z", "user": 15, "session_id": "test", "payment_id": "pay_MPq6ygd6o56Gy8", "payment_method": "upi", "amount_paid": "17999.00", "status": "captured"}}, {"model": "order.payment", "pk": "80000edf-0cc7-448a-b165-e1c6e1d1e81e", "fields": {"created_at": "2023-08-17T10:27:37.390Z", "updated_at": "2023-08-17T10:27:37.390Z", "user": 15, "session_id": "test", "payment_id": "pay_MR6PBgkjLZ0Ap5", "payment_method": "upi", "amount_paid": "44493.90", "status": "captured"}}, {"model": "order.payment", "pk": "af35362e-e3c8-4be7-9154-9f5b37d3cbab", "fields": {"created_at": "2023-08-17T04:11:12.235Z", "updated_at": "2023-08-17T04:11:12.235Z", "user": 15, "session_id": "test", "payment_id": "pay_MQzzZVS9Tp2ve2", "payment_method": "upi", "amount_paid": "100490.90", "status": "captured"}}, {"model": "order.payment", "pk": "afbfeac7-979d-47f9-9fad-3a7c50785781", "fields": {"created_at": "2023-08-18T10:42:21.030Z", "updated_at": "2023-08-18T10:42:21.030Z", "user": 15, "session_id": "test", "payment_id": "pay_MRVAuRFuLwIrxy", "payment_method": "upi", "amount_paid": "129024.70", "status": "captured"}}, {"model": "order.payment", "pk": "b442d983-6d7b-49d6-88d3-15683057abea", "fields": {"created_at": "2023-08-19T14:06:29.229Z", "updated_at": "2023-08-19T14:06:29.229Z", "user": null, "session_id": "0tg9xslwctgnzcv4ed3kkekxunzms8m8", "payment_id": "pay_MRxCdKEgFPbRt0", "payment_method": "upi", "amount_paid": "25494.90", "status": "captured"}}, {"model": "order.payment", "pk": "b815f44a-5dde-48b8-998f-0ebf31131aa4", "fields": {"created_at": "2023-08-16T21:38:31.542Z", "updated_at": "2023-08-16T21:38:31.542Z", "user": 15, "session_id": "test", "payment_id": "pay_MQtIm9LXieTcNT", "payment_method": "upi", "amount_paid": "34894.90", "status": "captured"}}, {"model": "order.payment", "pk": "cb9263d0-bb86-4a07-bd6a-fe2001c74fd1", "fields": {"created_at": "2023-08-16T07:54:12.042Z", "updated_at": "2023-08-16T07:54:12.043Z", "user": 15, "session_id": "test", "payment_id": "pay_MQfG0ZDlpvavGs", "payment_method": "upi", "amount_paid": "49990.00", "status": "captured"}}, {"model": "order.payment", "pk": "ce6a2eee-56e2-4eaf-b195-f5bccc0ca5e7", "fields": {"created_at": "2023-08-20T06:03:33.993Z", "updated_at": "2023-08-20T06:03:33.993Z", "user": null, "session_id": "mv0yj60thaizsaf8ogb5prz1ogz3sw0x", "payment_id": "pay_MSDVcbLh6bcV68", "payment_method": "upi", "amount_paid": "52539.80", "status": "captured"}}, {"model": "order.payment", "pk": "dd5f9fb8-6e7b-412a-b1b1-225562153d29", "fields": {"created_at": "2023-08-14T10:29:22.120Z", "updated_at": "2023-08-14T10:29:22.120Z", "user": 15, "session_id": "test", "payment_id": "pay_MPupgLKONk2hpV", "payment_method": "upi", "amount_paid": "17999.00", "status": "captured"}}, {"model": "order.payment", "pk": "de9b4178-b996-4081-a138-8dae2417a689", "fields": {"created_at": "2023-08-23T11:14:20.530Z", "updated_at": "2023-08-23T11:14:20.530Z", "user": 15, "session_id": "", "payment_id": "pay_MTUPGtp3bYRD2e", "payment_method": "upi", "amount_paid": "335908.80", "status": "captured"}}, {"model": "order.order", "pk": "0ab3f833-ecd4-414d-b3af-2441ff6b4f84", "fields": {"created_at": "2023-08-18T19:33:58.821Z", "updated_at": "2023-08-18T19:35:01.271Z", "user": null, "session_id": "t7zx1iqw2ojijop2o2pyad2zolllwi65", "payment": "5bd83c25-af23-4303-b16e-c50e36df3ffc", "order_number": "ORD-1692387238-2031", "coupon_price": 1000, "subtotal": 49990, "discount": 24495, "order_total": "24494.90", "address": "0c00d196-7acf-439a-9fdb-cfddb7dd851b", "status": "Order Placed", "is_orderd": true}}, {"model": "order.order", "pk": "298342e2-ebac-4b65-a4ac-37ee1486929c", "fields": {"created_at": "2023-08-18T19:20:20.018Z", "updated_at": "2023-08-18T19:20:20.019Z", "user": null, "session_id": "t7zx1iqw2ojijop2o2pyad2zolllwi65", "payment": null, "order_number": "ORD-1692386420-5414", "coupon_price": 1000, "subtotal": 49990, "discount": 24495, "order_total": "24494.90", "address": "0c00d196-7acf-439a-9fdb-cfddb7dd851b", "status": "Order Pending", "is_orderd": false}}, {"model": "order.order", "pk": "59fd25af-5350-4286-8073-2c7695980acc", "fields": {"created_at": "2023-08-18T10:37:54.564Z", "updated_at": "2023-08-18T10:37:54.564Z", "user": 15, "session_id": "test", "payment": null, "order_number": "ORD-1692355074-5231", "coupon_price": 0, "subtotal": 204960, "discount": 75935, "order_total": "129024.70", "address": "e10abf5e-d315-4c70-a814-dd200a696673", "status": "Order Pending", "is_orderd": false}}, {"model": "order.order", "pk": "5dab640a-9b44-41d5-b3a7-af5961b38000", "fields": {"created_at": "2023-08-16T08:01:02.249Z", "updated_at": "2023-08-20T17:01:11.908Z", "user": 15, "session_id": "test", "payment": "51bb96d5-3f79-4d7a-81f9-41485ff9cb5b", "order_number": "ORD-1692172862-1583", "coupon_price": 1000, "subtotal": 101990, "discount": 0, "order_total": "100990.00", "address": "e10abf5e-d315-4c70-a814-dd200a696673", "status": "Delivered", "is_orderd": true}}, {"model": "order.order", "pk": "6b0b1fdf-9a57-47e5-bc20-7a4db6c6df86", "fields": {"created_at": "2023-08-16T21:37:46.695Z", "updated_at": "2023-08-16T21:38:31.553Z", "user": 15, "session_id": "test", "payment": "b815f44a-5dde-48b8-998f-0ebf31131aa4", "order_number": "ORD-1692221866-9745", "coupon_price": 1000, "subtotal": 101990, "discount": 66095, "order_total": "34894.90", "address": "e10abf5e-d315-4c70-a814-dd200a696673", "status": "Order Placed", "is_orderd": true}}, {"model": "order.order", "pk": "76d849fb-fddd-4482-9243-8da37f28eb78", "fields": {"created_at": "2023-08-18T19:27:38.934Z", "updated_at": "2023-08-18T19:27:38.934Z", "user": null, "session_id": "t7zx1iqw2ojijop2o2pyad2zolllwi65", "payment": null, "order_number": "ORD-1692386858-3539", "coupon_price": 1000, "subtotal": 49990, "discount": 24495, "order_total": "24494.90", "address": "0c00d196-7acf-439a-9fdb-cfddb7dd851b", "status": "Order Pending", "is_orderd": false}}, {"model": "order.order", "pk": "8973bce2-c9d7-4de1-9811-d4ea3db2e11d", "fields": {"created_at": "2023-08-20T11:20:12.528Z", "updated_at": "2023-08-20T11:20:12.528Z", "user": 19, "session_id": "", "payment": null, "order_number": "ORD-1692530412-3776", "coupon_price": 0, "subtotal": 49990, "discount": 24495, "order_total": "25494.90", "address": "b94367e3-c6b1-441b-8d20-7dc8c8f12da8", "status": "Order Pending", "is_orderd": false}}, {"model": "order.order", "pk": "8bf80990-adf8-495e-b1db-fe4c76c1eb56", "fields": {"created_at": "2023-08-17T04:09:36.104Z", "updated_at": "2023-08-20T17:00:52.601Z", "user": 15, "session_id": "test", "payment": "af35362e-e3c8-4be7-9154-9f5b37d3cbab", "order_number": "ORD-1692245376-1537", "coupon_price": 1000, "subtotal": 125986, "discount": 24495, "order_total": "100490.90", "address": "e10abf5e-d315-4c70-a814-dd200a696673", "status": "Delivered", "is_orderd": true}}, {"model": "order.order", "pk": "8f5d4bc6-3892-4c62-a5ff-7d819648e322", "fields": {"created_at": "2023-08-20T06:02:12.812Z", "updated_at": "2023-08-20T06:02:12.812Z", "user": null, "session_id": "mv0yj60thaizsaf8ogb5prz1ogz3sw0x", "payment": null, "order_number": "ORD-1692511332-5483", "coupon_price": 0, "subtotal": 104980, "discount": 51440, "order_total": "53539.80", "address": "3ef40d23-33a0-4153-b338-c7f44f6492fe", "status": "Order Pending", "is_orderd": false}}, {"model": "order.order", "pk": "98b50377-ca63-41b5-ba62-40fc5859f0c0", "fields": {"created_at": "2023-08-18T10:36:28.940Z", "updated_at": "2023-08-18T10:36:28.940Z", "user": 15, "session_id": "test", "payment": null, "order_number": "ORD-1692354988-1282", "coupon_price": 0, "subtotal": 204960, "discount": 75935, "order_total": "129024.70", "address": "e10abf5e-d315-4c70-a814-dd200a696673", "status": "Order Pending", "is_orderd": false}}, {"model": "order.order", "pk": "9d99de90-89ee-40fb-97e3-9e3d09e8ca7f", "fields": {"created_at": "2023-08-16T07:55:29.627Z", "updated_at": "2023-08-21T17:18:17.362Z", "user": 15, "session_id": "test", "payment": "2c25cf07-659e-4335-8faf-d8de667eebcb", "order_number": "ORD-1692172529-6279", "coupon_price": 1000, "subtotal": 0, "discount": 0, "order_total": "48990.00", "address": "e10abf5e-d315-4c70-a814-dd200a696673", "status": "Delivered", "is_orderd": true}}, {"model": "order.order", "pk": "9e83fb5f-0282-4d94-8a60-82ee9fa500d1", "fields": {"created_at": "2023-08-16T07:53:46.094Z", "updated_at": "2023-08-16T07:54:12.051Z", "user": 15, "session_id": "test", "payment": "cb9263d0-bb86-4a07-bd6a-fe2001c74fd1", "order_number": "ORD-1692172426-8288", "coupon_price": 0, "subtotal": 0, "discount": 0, "order_total": "49990.00", "address": "e10abf5e-d315-4c70-a814-dd200a696673", "status": "Order Placed", "is_orderd": true}}, {"model": "order.order", "pk": "9f285ff9-3fe2-49d1-8dc9-bcf00c3ae5f6", "fields": {"created_at": "2023-08-17T04:04:28.098Z", "updated_at": "2023-08-20T17:00:46.609Z", "user": 15, "session_id": "test", "payment": null, "order_number": "ORD-1692245068-9380", "coupon_price": 1000, "subtotal": 125986, "discount": 24495, "order_total": "100490.90", "address": "e10abf5e-d315-4c70-a814-dd200a696673", "status": "Order placed", "is_orderd": false}}, {"model": "order.order", "pk": "a45a388a-13aa-400e-a020-82eeaec44ce5", "fields": {"created_at": "2023-08-20T06:03:05.328Z", "updated_at": "2023-08-20T16:57:13.631Z", "user": null, "session_id": "mv0yj60thaizsaf8ogb5prz1ogz3sw0x", "payment": "ce6a2eee-56e2-4eaf-b195-f5bccc0ca5e7", "order_number": "ORD-1692511385-7798", "coupon_price": 1000, "subtotal": 104980, "discount": 51440, "order_total": "52539.80", "address": "b7919eba-bf30-44c7-b3de-40620241c332", "status": "Delivered", "is_orderd": true}}, {"model": "order.order", "pk": "ca975e73-6ebe-49f3-95f5-9ba378335b39", "fields": {"created_at": "2023-08-19T14:05:46.826Z", "updated_at": "2023-08-20T16:57:21.680Z", "user": null, "session_id": "0tg9xslwctgnzcv4ed3kkekxunzms8m8", "payment": "b442d983-6d7b-49d6-88d3-15683057abea", "order_number": "ORD-1692453946-9837", "coupon_price": 0, "subtotal": 49990, "discount": 24495, "order_total": "25494.90", "address": "547cd07d-0d4e-427a-ac82-08459308a9da", "status": "Delivered", "is_orderd": true}}, {"model": "order.order", "pk": "d2c3fc5f-095e-47c5-ba4d-b2a61eb069c9", "fields": {"created_at": "2023-08-14T10:28:51.423Z", "updated_at": "2023-08-20T17:01:02.621Z", "user": 15, "session_id": "test", "payment": "dd5f9fb8-6e7b-412a-b1b1-225562153d29", "order_number": "ORD-1692008931-9290", "coupon_price": 0, "subtotal": 0, "discount": 0, "order_total": "17999.00", "address": "e10abf5e-d315-4c70-a814-dd200a696673", "status": "Delivered", "is_orderd": true}}, {"model": "order.order", "pk": "d9acd2d1-ab6b-49d2-9430-8cc7bcccbd36", "fields": {"created_at": "2023-08-18T10:38:23.650Z", "updated_at": "2023-08-20T16:57:29.063Z", "user": 15, "session_id": "test", "payment": "afbfeac7-979d-47f9-9fad-3a7c50785781", "order_number": "ORD-1692355103-6994", "coupon_price": 0, "subtotal": 204960, "discount": 75935, "order_total": "129024.70", "address": "e10abf5e-d315-4c70-a814-dd200a696673", "status": "Delivered", "is_orderd": true}}, {"model": "order.order", "pk": "db6efb4b-3982-4976-8dfa-65bd50cd86cd", "fields": {"created_at": "2023-08-17T10:27:08.029Z", "updated_at": "2023-08-20T17:00:28.103Z", "user": 15, "session_id": "test", "payment": "80000edf-0cc7-448a-b165-e1c6e1d1e81e", "order_number": "ORD-1692268028-8606", "coupon_price": 0, "subtotal": 68989, "discount": 24495, "order_total": "44493.90", "address": "e10abf5e-d315-4c70-a814-dd200a696673", "status": "Delivered", "is_orderd": true}}, {"model": "order.order", "pk": "f4122993-7cbf-417f-bca9-fbf4d23b6d40", "fields": {"created_at": "2023-08-16T21:33:34.476Z", "updated_at": "2023-08-16T21:33:34.476Z", "user": 15, "session_id": "test", "payment": null, "order_number": "ORD-1692221614-3166", "coupon_price": 1000, "subtotal": 101990, "discount": 66095, "order_total": "34894.90", "address": "e10abf5e-d315-4c70-a814-dd200a696673", "status": "Order Pending", "is_orderd": false}}, {"model": "order.order", "pk": "fac0a788-6a02-4a4a-ae1c-b0271eb4a020", "fields": {"created_at": "2023-08-20T06:01:59.108Z", "updated_at": "2023-08-20T06:01:59.108Z", "user": null, "session_id": "mv0yj60thaizsaf8ogb5prz1ogz3sw0x", "payment": null, "order_number": "ORD-1692511319-7284", "coupon_price": 0, "subtotal": 104980, "discount": 51440, "order_total": "53539.80", "address": "3ef40d23-33a0-4153-b338-c7f44f6492fe", "status": "Order Pending", "is_orderd": false}}, {"model": "order.order", "pk": "fb2b5e43-a271-4ebd-9900-e416fa70acb3", "fields": {"created_at": "2023-08-23T11:13:47.666Z", "updated_at": "2023-08-23T11:14:20.539Z", "user": 15, "session_id": "", "payment": "de9b4178-b996-4081-a138-8dae2417a689", "order_number": "ORD-1692789227-2053", "coupon_price": 1000, "subtotal": 429949, "discount": 93040, "order_total": "335908.80", "address": "92dc5151-b217-44c4-9f29-fc9505aebfdb", "status": "Order Placed", "is_orderd": true}}, {"model": "order.order", "pk": "fddd3e8d-2e58-4eb5-a78e-d65fc67f0494", "fields": {"created_at": "2023-08-17T10:32:31.439Z", "updated_at": "2023-08-20T16:57:45.986Z", "user": 15, "session_id": "test", "payment": "2a889cc1-ed8a-49e5-a7f3-31f8267ddf7d", "order_number": "ORD-1692268351-3095", "coupon_price": 1000, "subtotal": 49990, "discount": 24495, "order_total": "24494.90", "address": "92dc5151-b217-44c4-9f29-fc9505aebfdb", "status": "Delivered", "is_orderd": true}}, {"model": "order.orderproduct", "pk": "18665408-98b0-44cd-a836-2af9e36ea0d3", "fields": {"created_at": "2023-08-16T07:54:12.077Z", "updated_at": "2023-08-16T07:54:12.077Z", "order": "9e83fb5f-0282-4d94-8a60-82ee9fa500d1", "product": "554fea4a-cc2d-450b-897f-918fc5844d4f", "variation": "4944d2ff-fe19-4492-bd20-4c8d26cf8c7e", "quantity": 1}}, {"model": "order.orderproduct", "pk": "1b1cf860-f301-46db-a72f-5153c92a391b", "fields": {"created_at": "2023-08-16T07:55:53.346Z", "updated_at": "2023-08-16T07:55:53.346Z", "order": "9d99de90-89ee-40fb-97e3-9e3d09e8ca7f", "product": "554fea4a-cc2d-450b-897f-918fc5844d4f", "variation": "4944d2ff-fe19-4492-bd20-4c8d26cf8c7e", "quantity": 1}}, {"model": "order.orderproduct", "pk": "210f30b5-f87d-4965-b94c-b1dd79c72870", "fields": {"created_at": "2023-08-17T04:11:12.274Z", "updated_at": "2023-08-17T04:11:12.274Z", "order": "8bf80990-adf8-495e-b1db-fe4c76c1eb56", "product": "554fea4a-cc2d-450b-897f-918fc5844d4f", "variation": "4944d2ff-fe19-4492-bd20-4c8d26cf8c7e", "quantity": 1}}, {"model": "order.orderproduct", "pk": "2804aba2-dd50-4c9b-86c2-18658bfd2dc5", "fields": {"created_at": "2023-08-17T04:11:12.262Z", "updated_at": "2023-08-17T04:11:12.262Z", "order": "8bf80990-adf8-495e-b1db-fe4c76c1eb56", "product": "ff634e55-7a5b-4645-a447-227fe3095cf3", "variation": "019b85e5-8a5c-4693-a59f-46e4b67df055", "quantity": 4}}, {"model": "order.orderproduct", "pk": "33991b0d-9196-44d5-9a3f-eec24e6cb48a", "fields": {"created_at": "2023-08-18T10:42:21.082Z", "updated_at": "2023-08-18T10:42:21.082Z", "order": "d9acd2d1-ab6b-49d2-9430-8cc7bcccbd36", "product": "554fea4a-cc2d-450b-897f-918fc5844d4f", "variation": "4944d2ff-fe19-4492-bd20-4c8d26cf8c7e", "quantity": 2}}, {"model": "order.orderproduct", "pk": "347ad50c-1720-4b6a-9eac-3fda8b363ccb", "fields": {"created_at": "2023-08-19T14:06:29.252Z", "updated_at": "2023-08-19T14:06:29.252Z", "order": "ca975e73-6ebe-49f3-95f5-9ba378335b39", "product": "554fea4a-cc2d-450b-897f-918fc5844d4f", "variation": "4944d2ff-fe19-4492-bd20-4c8d26cf8c7e", "quantity": 1}}, {"model": "order.orderproduct", "pk": "4e68b0ec-36bd-4b22-acb6-c28b62f498cd", "fields": {"created_at": "2023-08-20T06:03:34.013Z", "updated_at": "2023-08-20T06:03:34.013Z", "order": "a45a388a-13aa-400e-a020-82eeaec44ce5", "product": "554fea4a-cc2d-450b-897f-918fc5844d4f", "variation": "4944d2ff-fe19-4492-bd20-4c8d26cf8c7e", "quantity": 1}}, {"model": "order.orderproduct", "pk": "613f3c17-1d8c-4ba9-bdbd-b66cdb4c15fd", "fields": {"created_at": "2023-08-16T21:38:31.590Z", "updated_at": "2023-08-16T21:38:31.590Z", "order": "6b0b1fdf-9a57-47e5-bc20-7a4db6c6df86", "product": "a1749d21-5347-4e22-bc39-dd343cda91cc", "variation": "966f6a24-e1f1-4c85-9d5a-95e55a4ee68f", "quantity": 1}}, {"model": "order.orderproduct", "pk": "627bd4ac-4bb9-48c1-8c97-f63b5c2089e2", "fields": {"created_at": "2023-08-16T08:01:27.286Z", "updated_at": "2023-08-16T08:01:27.286Z", "order": "5dab640a-9b44-41d5-b3a7-af5961b38000", "product": "554fea4a-cc2d-450b-897f-918fc5844d4f", "variation": "4944d2ff-fe19-4492-bd20-4c8d26cf8c7e", "quantity": 1}}, {"model": "order.orderproduct", "pk": "6e807e93-e31c-4c0d-9b05-8e098c8948bc", "fields": {"created_at": "2023-08-14T10:29:22.157Z", "updated_at": "2023-08-14T10:29:22.157Z", "order": "d2c3fc5f-095e-47c5-ba4d-b2a61eb069c9", "product": "b00e9417-a199-4b1c-afaa-228fb662b75e", "variation": "48ca451d-62fd-4992-8c78-86f1a8cdba8d", "quantity": 1}}, {"model": "order.orderproduct", "pk": "6eafe6a0-f482-4e76-a318-1c7cda648dd5", "fields": {"created_at": "2023-08-23T11:14:20.582Z", "updated_at": "2023-08-23T11:14:20.583Z", "order": "fb2b5e43-a271-4ebd-9900-e416fa70acb3", "product": "554fea4a-cc2d-450b-897f-918fc5844d4f", "variation": "73aba35a-cfe2-41da-bd8b-71ada38afdc1", "quantity": 1}}, {"model": "order.orderproduct", "pk": "96c56239-46a8-46bd-9725-4cf2f1f11c69", "fields": {"created_at": "2023-08-20T06:03:34.034Z", "updated_at": "2023-08-20T06:03:34.034Z", "order": "a45a388a-13aa-400e-a020-82eeaec44ce5", "product": "554fea4a-cc2d-450b-897f-918fc5844d4f", "variation": "73aba35a-cfe2-41da-bd8b-71ada38afdc1", "quantity": 1}}, {"model": "order.orderproduct", "pk": "9d06b19e-7691-4f55-baf7-cd41bf77fac7", "fields": {"created_at": "2023-08-18T10:42:21.064Z", "updated_at": "2023-08-18T10:42:21.064Z", "order": "d9acd2d1-ab6b-49d2-9430-8cc7bcccbd36", "product": "554fea4a-cc2d-450b-897f-918fc5844d4f", "variation": "4944d2ff-fe19-4492-bd20-4c8d26cf8c7e", "quantity": 1}}, {"model": "order.orderproduct", "pk": "a0222558-9daf-4909-be67-1f462c6c5b65", "fields": {"created_at": "2023-08-18T19:35:01.302Z", "updated_at": "2023-08-18T19:35:01.302Z", "order": "0ab3f833-ecd4-414d-b3af-2441ff6b4f84", "product": "554fea4a-cc2d-450b-897f-918fc5844d4f", "variation": "4944d2ff-fe19-4492-bd20-4c8d26cf8c7e", "quantity": 1}}, {"model": "order.orderproduct", "pk": "b249f833-a4d0-410b-a37c-129efcd71e5b", "fields": {"created_at": "2023-08-16T08:01:27.299Z", "updated_at": "2023-08-16T08:01:27.299Z", "order": "5dab640a-9b44-41d5-b3a7-af5961b38000", "product": "a1749d21-5347-4e22-bc39-dd343cda91cc", "variation": "966f6a24-e1f1-4c85-9d5a-95e55a4ee68f", "quantity": 1}}, {"model": "order.orderproduct", "pk": "b525ecf4-915b-4aba-950c-66e6f25f590b", "fields": {"created_at": "2023-08-17T10:27:37.430Z", "updated_at": "2023-08-17T10:27:37.431Z", "order": "db6efb4b-3982-4976-8dfa-65bd50cd86cd", "product": "ff634e55-7a5b-4645-a447-227fe3095cf3", "variation": "019b85e5-8a5c-4693-a59f-46e4b67df055", "quantity": 1}}, {"model": "order.orderproduct", "pk": "cd01f562-2cab-4d72-b246-f2437b2d3e6d", "fields": {"created_at": "2023-08-16T21:38:31.579Z", "updated_at": "2023-08-16T21:38:31.579Z", "order": "6b0b1fdf-9a57-47e5-bc20-7a4db6c6df86", "product": "554fea4a-cc2d-450b-897f-918fc5844d4f", "variation": "4944d2ff-fe19-4492-bd20-4c8d26cf8c7e", "quantity": 1}}, {"model": "order.orderproduct", "pk": "e10ccda8-c56c-4c6b-8d2a-f8bb310c9c9f", "fields": {"created_at": "2023-08-17T10:33:02.914Z", "updated_at": "2023-08-17T10:33:02.914Z", "order": "fddd3e8d-2e58-4eb5-a78e-d65fc67f0494", "product": "554fea4a-cc2d-450b-897f-918fc5844d4f", "variation": "4944d2ff-fe19-4492-bd20-4c8d26cf8c7e", "quantity": 1}}, {"model": "order.orderproduct", "pk": "e150a567-4a45-40e5-be87-d66a8fd5badb", "fields": {"created_at": "2023-08-23T11:14:20.573Z", "updated_at": "2023-08-23T11:14:20.573Z", "order": "fb2b5e43-a271-4ebd-9900-e416fa70acb3", "product": "ff634e55-7a5b-4645-a447-227fe3095cf3", "variation": "019b85e5-8a5c-4693-a59f-46e4b67df055", "quantity": 1}}, {"model": "order.orderproduct", "pk": "e42a31c9-7611-4052-85ab-da18d2a9b3d9", "fields": {"created_at": "2023-08-23T11:14:20.592Z", "updated_at": "2023-08-23T11:14:20.592Z", "order": "fb2b5e43-a271-4ebd-9900-e416fa70acb3", "product": "a1749d21-5347-4e22-bc39-dd343cda91cc", "variation": "966f6a24-e1f1-4c85-9d5a-95e55a4ee68f", "quantity": 3}}, {"model": "order.orderproduct", "pk": "f691a5e8-d6cd-4b15-95a1-8fdcaa00796b", "fields": {"created_at": "2023-08-18T10:42:21.095Z", "updated_at": "2023-08-18T10:42:21.095Z", "order": "d9acd2d1-ab6b-49d2-9430-8cc7bcccbd36", "product": "554fea4a-cc2d-450b-897f-918fc5844d4f", "variation": "73aba35a-cfe2-41da-bd8b-71ada38afdc1", "quantity": 1}}, {"model": "order.orderproduct", "pk": "fadad6fd-33a3-42c1-a49e-4375c28ac9cf", "fields": {"created_at": "2023-08-23T11:14:20.551Z", "updated_at": "2023-08-23T11:14:20.551Z", "order": "fb2b5e43-a271-4ebd-9900-e416fa70acb3", "product": "554fea4a-cc2d-450b-897f-918fc5844d4f", "variation": "4944d2ff-fe19-4492-bd20-4c8d26cf8c7e", "quantity": 4}}, {"model": "order.orderproduct", "pk": "fb0cec48-4c03-464b-a1b8-99e7de48b271", "fields": {"created_at": "2023-08-17T10:27:37.462Z", "updated_at": "2023-08-17T10:27:37.462Z", "order": "db6efb4b-3982-4976-8dfa-65bd50cd86cd", "product": "554fea4a-cc2d-450b-897f-918fc5844d4f", "variation": "4944d2ff-fe19-4492-bd20-4c8d26cf8c7e", "quantity": 1}}]